?,0,0,25000,不明文字,*
!,0,0,25000,不可読文字,*
ききよ,1781,2204,10860,動詞,一般,*,*,文語上一段-カ行,命令形,キル,着る,きよ,キヨ,キヨ,和,きる,キル,キル,キル,*,*,*,*,*,*,0,C4,M2@1
きき,1786,2209,10288,動詞,一般,*,*,文語上一段-カ行,連用形-一般,キル,着る,き,キ,キ,和,きる,キル,キル,キル,*,*,*,*,*,*,0,C4,*
ききる,1784,2207,9376,動詞,一般,*,*,文語上一段-カ行,終止形-一般,キル,着る,きる,キル,キル,和,きる,キル,キル,キル,*,*,*,*,*,*,0,C4,*
きる,1784,2207,9376,動詞,一般,*,*,文語上一段-カ行,終止形-一般,キル,着る,きる,キル,キル,和,きる,キル,キル,キル,*,*,*,*,*,*,0,C4,*
ききる,1784,2207,9376,動詞,一般,*,*,文語上一段-カ行,終止形-一般,キル,着る,きる,キル,キル,和,きる,キル,キル,キル,*,*,*,*,*,*,0,C4,*
きる,1784,2207,9376,動詞,一般,*,*,文語上一段-カ行,終止形-一般,キル,着る,きる,キル,キル,和,きる,キル,キル,キル,*,*,*,*,*,*,0,C4,*
ききれ,1782,2205,10302,動詞,一般,*,*,文語上一段-カ行,已然形-一般,キル,着る,きれ,キレ,キレ,和,きる,キル,キル,キル,*,*,*,*,*,*,0,C4,*
きれ,1782,2205,10302,動詞,一般,*,*,文語上一段-カ行,已然形-一般,キル,着る,きれ,キレ,キレ,和,きる,キル,キル,キル,*,*,*,*,*,*,0,C4,*
き,1786,2209,10288,動詞,一般,*,*,文語上一段-カ行,連用形-一般,キル,着る,き,キ,キ,和,きる,キル,キル,キル,*,*,*,*,*,*,0,C4,*
き,1783,2206,10234,動詞,一般,*,*,文語上一段-カ行,未然形-一般,キル,着る,き,キ,キ,和,きる,キル,キル,キル,*,*,*,*,*,*,0,C4,*
かりきぬ,7675,8961,8760,名詞,普通名詞,一般,*,*,*,カリギヌ,狩衣,狩衣,カリギヌ,カリギヌ,和,狩衣,カリギヌ,カリギヌ,カリギヌ,*,*,*,*,*,*,"3,0,2",C1,*
すそ,7675,8961,10409,名詞,普通名詞,一般,*,*,*,スソ,裾,すそ,スソ,スソ,和,すそ,スソ,スソ,スソ,*,*,*,*,*,*,0,C4,*
きれ,6778,8156,11897,動詞,非自立可能,*,*,文語四段-ラ行,已然形-一般,キル,切る,きれ,キレ,キレ,和,きる,キル,キル,キル,キ濁,基本形,*,*,*,*,1,C1,*
きれ,6748,8124,10883,動詞,非自立可能,*,*,文語四段-ラ行,命令形,キル,切る,きれ,キレ,キレ,和,きる,キル,キル,キル,キ濁,基本形,*,*,*,*,1,C1,*
きら,6867,8249,12467,動詞,非自立可能,*,*,文語四段-ラ行,未然形-一般,キル,切る,きら,キラ,キラ,和,きる,キル,キル,キル,キ濁,基本形,*,*,*,*,1,C1,*
きる,6915,8299,11027,動詞,非自立可能,*,*,文語四段-ラ行,終止形-一般,キル,切る,きる,キル,キル,和,きる,キル,キル,キル,キ濁,基本形,*,*,*,*,1,C1,*
きる,6945,8331,10796,動詞,非自立可能,*,*,文語四段-ラ行,連体形-一般,キル,切る,きる,キル,キル,和,きる,キル,キル,キル,キ濁,基本形,*,*,*,*,1,C1,*
きり,6975,8363,9701,動詞,非自立可能,*,*,文語四段-ラ行,連用形-一般,キル,切る,きり,キリ,キリ,和,きる,キル,キル,キル,キ濁,基本形,*,*,*,*,1,C1,*
きつ,7028,8418,14788,動詞,非自立可能,*,*,文語四段-ラ行,連用形-促音便,キル,切る,きつ,キッ,キッ,和,きる,キル,キル,キル,キ濁,基本形,*,*,*,*,1,C1,*
うた,7675,8961,11177,名詞,普通名詞,一般,*,*,*,ウタ,歌,うた,ウタ,ウタ,和,うた,ウタ,ウタ,ウタ,*,*,*,*,*,*,2,C3,*
かけ,2025,2472,9625,動詞,一般,*,*,文語四段-カ行,命令形,カク,書く,かけ,カケ,カケ,和,かく,カク,カク,カク,*,*,*,*,*,*,1,C1,*
かけ,2027,2478,11590,動詞,一般,*,*,文語四段-カ行,已然形-一般,カク,書く,かけ,カケ,カケ,和,かく,カク,カク,カク,*,*,*,*,*,*,1,C1,*
かか,2031,2490,10155,動詞,一般,*,*,文語四段-カ行,未然形-一般,カク,書く,かか,カカ,カカ,和,かく,カク,カク,カク,*,*,*,*,*,*,1,C1,*
かく,2033,2496,9046,動詞,一般,*,*,文語四段-カ行,終止形-一般,カク,書く,かく,カク,カク,和,かく,カク,カク,カク,*,*,*,*,*,*,1,C1,*
かく,2035,2502,6137,動詞,一般,*,*,文語四段-カ行,連体形-一般,カク,書く,かく,カク,カク,和,かく,カク,カク,カク,*,*,*,*,*,*,1,C1,*
かき,2039,2514,7084,動詞,一般,*,*,文語四段-カ行,連用形-一般,カク,書く,かき,カキ,カキ,和,かく,カク,カク,カク,*,*,*,*,*,*,1,C1,*
かい,2037,2508,8802,動詞,一般,*,*,文語四段-カ行,連用形-イ音便,カク,書く,かい,カイ,カイ,和,かく,カク,カク,カク,*,*,*,*,*,*,1,C1,*
やら,6872,8255,5328,動詞,非自立可能,*,*,文語四段-ラ行,未然形-一般,ヤル,遣る,やら,ヤラ,ヤラ,和,やる,ヤル,ヤル,ヤル,*,*,*,*,*,*,0,C4,*
やり,6982,8371,5946,動詞,非自立可能,*,*,文語四段-ラ行,連用形-一般,ヤル,遣る,やり,ヤリ,ヤリ,和,やる,ヤル,ヤル,ヤル,*,*,*,*,*,*,0,C4,*
やる,6950,8337,5420,動詞,非自立可能,*,*,文語四段-ラ行,連体形-一般,ヤル,遣る,やる,ヤル,ヤル,和,やる,ヤル,ヤル,ヤル,*,*,*,*,*,*,0,C4,*
やる,6920,8305,5867,動詞,非自立可能,*,*,文語四段-ラ行,終止形-一般,ヤル,遣る,やる,ヤル,ヤル,和,やる,ヤル,ヤル,ヤル,*,*,*,*,*,*,0,C4,*
やつ,7039,8430,11072,動詞,非自立可能,*,*,文語四段-ラ行,連用形-促音便,ヤル,遣る,やつ,ヤッ,ヤッ,和,やる,ヤル,ヤル,ヤル,*,*,*,*,*,*,0,C4,*
やれ,6753,8130,6645,動詞,非自立可能,*,*,文語四段-ラ行,命令形,ヤル,遣る,やれ,ヤレ,ヤレ,和,やる,ヤル,ヤル,ヤル,*,*,*,*,*,*,0,C4,*
やれ,6783,8162,8198,動詞,非自立可能,*,*,文語四段-ラ行,已然形-一般,ヤル,遣る,やれ,ヤレ,ヤレ,和,やる,ヤル,ヤル,ヤル,*,*,*,*,*,*,0,C4,*
やら,841,848,12012,助動詞,*,*,*,文語四段-ラ行,未然形-一般,ヤル,やる,やら,ヤラ,ヤラ,和,やる,ヤル,ヤル,ヤル,*,*,*,*,*,*,*,*,*
やり,844,851,11143,助動詞,*,*,*,文語四段-ラ行,連用形-一般,ヤル,やる,やり,ヤリ,ヤリ,和,やる,ヤル,ヤル,ヤル,*,*,*,*,*,*,*,*,*
やる,842,849,11293,助動詞,*,*,*,文語四段-ラ行,終止形-一般,ヤル,やる,やる,ヤル,ヤル,和,やる,ヤル,ヤル,ヤル,*,*,*,*,*,*,*,*,*
やる,843,850,10728,助動詞,*,*,*,文語四段-ラ行,連体形-一般,ヤル,やる,やる,ヤル,ヤル,和,やる,ヤル,ヤル,ヤル,*,*,*,*,*,*,*,*,*
やつ,845,852,12966,助動詞,*,*,*,文語四段-ラ行,連用形-促音便,ヤル,やる,やつ,ヤッ,ヤッ,和,やる,ヤル,ヤル,ヤル,*,*,*,*,*,*,*,*,*
やれ,838,845,12083,助動詞,*,*,*,文語四段-ラ行,命令形,ヤル,やる,やれ,ヤレ,ヤレ,和,やる,ヤル,ヤル,ヤル,*,*,*,*,*,*,*,*,*
やれ,839,846,11485,助動詞,*,*,*,文語四段-ラ行,已然形-一般,ヤル,やる,やれ,ヤレ,ヤレ,和,やる,ヤル,ヤル,ヤル,*,*,*,*,*,*,*,*,*
その,8998,11077,11610,連体詞,*,*,*,*,*,ソノ,其の,その,ソノ,ソノ,和,その,ソノ,ソノ,ソノ,*,*,*,*,*,*,0,*,*
おとこ,7675,8961,10250,名詞,普通名詞,一般,*,*,*,オトコ,男,おとこ,オトコ,オトコ,和,おとこ,オトコ,オトコ,オトコ,*,*,*,*,*,*,3,C2,*
しのふすり,7675,8961,10985,名詞,普通名詞,一般,*,*,*,シノブズリ,忍摺り,しのぶずり,シノブズリ,シノブズリ,和,しのぶずり,シノブズリ,シノブズリ,シノブズリ,*,*,*,*,*,*,"0,3",C2,*
かすかの,7099,8492,11225,名詞,固有名詞,人名,姓,*,*,カスガノ,カスガノ,春日野,カスガノ,カスガノ,固,春日野,カスガノ,カスガノ,カスガノ,*,*,*,*,*,*,0,*,*
かすかの,7103,8494,9243,名詞,固有名詞,地名,一般,*,*,カスガノ,カスガノ,春日野,カスガノ,カスガノ,固,春日野,カスガノ,カスガノ,カスガノ,*,*,*,*,*,*,1,*,*
わかむらさき,7675,8961,10984,名詞,普通名詞,一般,*,*,*,ワカムラサキ,若紫,わかむらさき,ワカムラサキ,ワカムラサキ,和,わかむらさき,ワカムラサキ,ワカムラサキ,ワカムラサキ,*,*,*,*,*,*,4,C1,*
すりころも,7675,8961,10984,名詞,普通名詞,一般,*,*,*,スリゴロモ,摺り衣,すりごろも,スリゴロモ,スリゴロモ,和,すりごろも,スリゴロモ,スリゴロモ,スリゴロモ,*,*,*,*,*,*,3,C1,*
しのふ,7675,8961,9475,名詞,普通名詞,一般,*,*,*,シノブ,忍,しのぶ,シノブ,シノブ,和,しのぶ,シノブ,シノブ,シノブ,*,*,*,*,*,*,1,C1,*
みたれ,7675,8961,11675,名詞,普通名詞,一般,*,*,*,ミダレ,乱れ,みだれ,ミダレ,ミダレ,和,みだれ,ミダレ,ミダレ,ミダレ,*,*,*,*,*,*,3,C2,*
かきり,7687,9115,8434,名詞,普通名詞,副詞可能,*,*,*,カギリ,限り,かぎり,カギリ,カギリ,和,かぎり,カギリ,カギリ,カギリ,*,*,*,*,*,*,"1,3",C1,*
しれ,2151,2698,10562,動詞,一般,*,*,文語四段-ラ行,命令形,シル,知る,しれ,シレ,シレ,和,しる,シル,シル,シル,*,*,*,*,*,*,0,C2,*
しれ,2153,2706,11173,動詞,一般,*,*,文語四段-ラ行,已然形-一般,シル,知る,しれ,シレ,シレ,和,しる,シル,シル,シル,*,*,*,*,*,*,0,C2,*
しら,2157,2722,9439,動詞,一般,*,*,文語四段-ラ行,未然形-一般,シル,知る,しら,シラ,シラ,和,しる,シル,シル,シル,*,*,*,*,*,*,0,C2,*
しる,2159,2730,10840,動詞,一般,*,*,文語四段-ラ行,終止形-一般,シル,知る,しる,シル,シル,和,しる,シル,シル,シル,*,*,*,*,*,*,0,C2,*
しる,2161,2738,8863,動詞,一般,*,*,文語四段-ラ行,連体形-一般,シル,知る,しる,シル,シル,和,しる,シル,シル,シル,*,*,*,*,*,*,0,C2,*
しり,2163,2746,8251,動詞,一般,*,*,文語四段-ラ行,連用形-一般,シル,知る,しり,シリ,シリ,和,しる,シル,シル,シル,*,*,*,*,*,*,0,C2,*
しつ,2165,2754,14162,動詞,一般,*,*,文語四段-ラ行,連用形-促音便,シル,知る,しつ,シッ,シッ,和,しる,シル,シル,シル,*,*,*,*,*,*,0,C2,*
おいつけ,2025,2472,11070,動詞,一般,*,*,文語四段-カ行,命令形,オイヅク,老い付く,老いつけ,オイズケ,オイヅケ,和,老いつく,オイズク,オイヅク,オイヅク,*,*,*,*,*,*,3,C1,*
おいつけ,2027,2478,12520,動詞,一般,*,*,文語四段-カ行,已然形-一般,オイヅク,老い付く,老いつけ,オイズケ,オイヅケ,和,老いつく,オイズク,オイヅク,オイヅク,*,*,*,*,*,*,3,C1,*
おいつか,2031,2490,11856,動詞,一般,*,*,文語四段-カ行,未然形-一般,オイヅク,老い付く,老いつか,オイズカ,オイヅカ,和,老いつく,オイズク,オイヅク,オイヅク,*,*,*,*,*,*,3,C1,*
おいつく,2033,2496,11351,動詞,一般,*,*,文語四段-カ行,終止形-一般,オイヅク,老い付く,老いつく,オイズク,オイヅク,和,老いつく,オイズク,オイヅク,オイヅク,*,*,*,*,*,*,3,C1,*
おいつく,2035,2502,10416,動詞,一般,*,*,文語四段-カ行,連体形-一般,オイヅク,老い付く,老いつく,オイズク,オイヅク,和,老いつく,オイズク,オイヅク,オイヅク,*,*,*,*,*,*,3,C1,*
おいつき,2039,2514,9960,動詞,一般,*,*,文語四段-カ行,連用形-一般,オイヅク,老い付く,老いつき,オイズキ,オイヅキ,和,老いつく,オイズク,オイヅク,オイヅク,*,*,*,*,*,*,3,C1,*
おいつい,2037,2508,11267,動詞,一般,*,*,文語四段-カ行,連用形-イ音便,オイヅク,老い付く,老いつい,オイズイ,オイヅイ,和,老いつく,オイズク,オイヅク,オイヅク,*,*,*,*,*,*,3,C1,*
をいつけ,2025,2472,11070,動詞,一般,*,*,文語四段-カ行,命令形,オイヅク,老い付く,老いつけ,オイズケ,オイヅケ,和,老いつく,オイズク,オイヅク,オイヅク,*,*,*,*,*,*,3,C1,*
をいつけ,2027,2478,12520,動詞,一般,*,*,文語四段-カ行,已然形-一般,オイヅク,老い付く,老いつけ,オイズケ,オイヅケ,和,老いつく,オイズク,オイヅク,オイヅク,*,*,*,*,*,*,3,C1,*
をいつか,2031,2490,11856,動詞,一般,*,*,文語四段-カ行,未然形-一般,オイヅク,老い付く,老いつか,オイズカ,オイヅカ,和,老いつく,オイズク,オイヅク,オイヅク,*,*,*,*,*,*,3,C1,*
をいつく,2033,2496,11351,動詞,一般,*,*,文語四段-カ行,終止形-一般,オイヅク,老い付く,老いつく,オイズク,オイヅク,和,老いつく,オイズク,オイヅク,オイヅク,*,*,*,*,*,*,3,C1,*
をいつく,2035,2502,10416,動詞,一般,*,*,文語四段-カ行,連体形-一般,オイヅク,老い付く,老いつく,オイズク,オイヅク,和,老いつく,オイズク,オイヅク,オイヅク,*,*,*,*,*,*,3,C1,*
をいつき,2039,2514,9960,動詞,一般,*,*,文語四段-カ行,連用形-一般,オイヅク,老い付く,老いつき,オイズキ,オイヅキ,和,老いつく,オイズク,オイヅク,オイヅク,*,*,*,*,*,*,3,C1,*
をいつい,2037,2508,11267,動詞,一般,*,*,文語四段-カ行,連用形-イ音便,オイヅク,老い付く,老いつい,オイズイ,オイヅイ,和,老いつく,オイズク,オイヅク,オイヅク,*,*,*,*,*,*,3,C1,*
いひやれ,2151,2698,10592,動詞,一般,*,*,文語四段-ラ行,命令形,イイヤル,言い遣る,言ひやれ,イーヤレ,イヒヤレ,和,言ひやる,イーヤル,イヒヤル,イイヤル,*,*,*,*,*,*,3,C1,*
いひやれ,2153,2706,12985,動詞,一般,*,*,文語四段-ラ行,已然形-一般,イイヤル,言い遣る,言ひやれ,イーヤレ,イヒヤレ,和,言ひやる,イーヤル,イヒヤル,イイヤル,*,*,*,*,*,*,3,C1,*
いひやら,2157,2722,13260,動詞,一般,*,*,文語四段-ラ行,未然形-一般,イイヤル,言い遣る,言ひやら,イーヤラ,イヒヤラ,和,言ひやる,イーヤル,イヒヤル,イイヤル,*,*,*,*,*,*,3,C1,*
いひやる,2159,2730,11498,動詞,一般,*,*,文語四段-ラ行,終止形-一般,イイヤル,言い遣る,言ひやる,イーヤル,イヒヤル,和,言ひやる,イーヤル,イヒヤル,イイヤル,*,*,*,*,*,*,3,C1,*
いひやる,2161,2738,10066,動詞,一般,*,*,文語四段-ラ行,連体形-一般,イイヤル,言い遣る,言ひやる,イーヤル,イヒヤル,和,言ひやる,イーヤル,イヒヤル,イイヤル,*,*,*,*,*,*,3,C1,*
いひやり,2163,2746,11309,動詞,一般,*,*,文語四段-ラ行,連用形-一般,イイヤル,言い遣る,言ひやり,イーヤリ,イヒヤリ,和,言ひやる,イーヤル,イヒヤル,イイヤル,*,*,*,*,*,*,3,C1,*
いひやつ,2165,2754,14923,動詞,一般,*,*,文語四段-ラ行,連用形-促音便,イイヤル,言い遣る,言ひやつ,イーヤッ,イヒヤッ,和,言ひやる,イーヤル,イヒヤル,イイヤル,*,*,*,*,*,*,3,C1,*
ついて,7675,8961,6362,名詞,普通名詞,一般,*,*,*,ツイデ,序で,ついで,ツイデ,ツイデ,和,ついで,ツイデ,ツイデ,ツイデ,*,*,*,*,*,*,0,C2,*
おもしろかれ,7730,9447,10107,形容詞,一般,*,*,文語形容詞-ク,命令形,オモシロイ,面白い,おもしろかれ,オモシロカレ,オモシロカレ,和,おもしろし,オモシロシ,オモシロシ,オモシロシ,*,*,*,*,*,*,4,C1,*
おもしろかれ,7734,9483,9588,形容詞,一般,*,*,文語形容詞-ク,已然形-補助,オモシロイ,面白い,おもしろかれ,オモシロカレ,オモシロカレ,和,おもしろし,オモシロシ,オモシロシ,オモシロシ,*,*,*,*,*,*,4,C1,*
おもしろし,7743,9556,9453,形容詞,一般,*,*,文語形容詞-ク,終止形-一般,オモシロイ,面白い,おもしろし,オモシロシ,オモシロシ,和,おもしろし,オモシロシ,オモシロシ,オモシロシ,*,*,*,*,*,*,4,C1,*
おもしろく,7738,9519,11793,形容詞,一般,*,*,文語形容詞-ク,未然形-一般,オモシロイ,面白い,おもしろく,オモシロク,オモシロク,和,おもしろし,オモシロシ,オモシロシ,オモシロシ,*,*,*,*,*,*,4,C1,*
おもしろく,7758,9683,6423,形容詞,一般,*,*,文語形容詞-ク,連用形-一般,オモシロイ,面白い,おもしろく,オモシロク,オモシロク,和,おもしろし,オモシロシ,オモシロシ,オモシロシ,*,*,*,*,*,*,4,C1,*
おもしろから,7740,9537,8975,形容詞,一般,*,*,文語形容詞-ク,未然形-補助,オモシロイ,面白い,おもしろから,オモシロカラ,オモシロカラ,和,おもしろし,オモシロシ,オモシロシ,オモシロシ,*,*,*,*,*,*,4,C1,*
おもしろけれ,7732,9465,7550,形容詞,一般,*,*,文語形容詞-ク,已然形-一般,オモシロイ,面白い,おもしろけれ,オモシロケレ,オモシロケレ,和,おもしろし,オモシロシ,オモシロシ,オモシロシ,*,*,*,*,*,*,4,C1,*
おもしろき,7750,9611,7157,形容詞,一般,*,*,文語形容詞-ク,連体形-一般,オモシロイ,面白い,おもしろき,オモシロキ,オモシロキ,和,おもしろし,オモシロシ,オモシロシ,オモシロシ,*,*,*,*,*,*,4,C1,*
おもしろかる,7754,9647,9060,形容詞,一般,*,*,文語形容詞-ク,連体形-補助,オモシロイ,面白い,おもしろかる,オモシロカル,オモシロカル,和,おもしろし,オモシロシ,オモシロシ,オモシロシ,*,*,*,*,*,*,4,C1,*
おもしろかり,7760,9701,7755,形容詞,一般,*,*,文語形容詞-ク,連用形-補助,オモシロイ,面白い,おもしろかり,オモシロカリ,オモシロカリ,和,おもしろし,オモシロシ,オモシロシ,オモシロシ,*,*,*,*,*,*,4,C1,*
こと,7675,8975,5288,名詞,普通名詞,一般,*,*,*,コト,事,こと,コト,コト,和,こと,コト,コト,コト,コ濁,基本形,*,*,*,B1WS2WB3WB6SjShS,2,C3,*
おもへ,2091,2602,12162,動詞,一般,*,*,文語四段-ハ行,命令形,オモウ,思う,おもへ,オモエ,オモヘ,和,おもふ,オモウ,オモフ,オモウ,*,*,*,*,*,*,2,C1,*
おもへ,2094,2605,12920,動詞,一般,*,*,文語四段-ハ行,已然形-一般,オモウ,思う,おもへ,オモエ,オモヘ,和,おもふ,オモウ,オモフ,オモウ,*,*,*,*,*,*,2,C1,*
おもは,2101,2612,10698,動詞,一般,*,*,文語四段-ハ行,未然形-一般,オモウ,思う,おもは,オモワ,オモハ,和,おもふ,オモウ,オモフ,オモウ,*,*,*,*,*,*,2,C1,*
おもふ,2106,2617,10783,動詞,一般,*,*,文語四段-ハ行,終止形-一般,オモウ,思う,おもふ,オモウ,オモフ,和,おもふ,オモウ,オモフ,オモウ,*,*,*,*,*,*,2,C1,*
おもふ,2111,2622,9281,動詞,一般,*,*,文語四段-ハ行,連体形-一般,オモウ,思う,おもふ,オモウ,オモフ,和,おもふ,オモウ,オモフ,オモウ,*,*,*,*,*,*,2,C1,*
おもひ,2118,2629,9342,動詞,一般,*,*,文語四段-ハ行,連用形-一般,オモウ,思う,おもひ,オモイ,オモヒ,和,おもふ,オモウ,オモフ,オモウ,*,*,*,*,*,*,2,C1,*
おもう,1728,2133,15960,動詞,一般,*,*,五段-ワア行,連用形-ウ音便,オモウ,思う,おもう,オモー,オモウ,和,おもう,オモウ,オモウ,オモウ,*,*,*,*,*,*,2,C1,*
おもつ,2121,2632,13914,動詞,一般,*,*,文語四段-ハ行,連用形-促音便,オモウ,思う,おもつ,オモッ,オモッ,和,おもふ,オモウ,オモフ,オモウ,*,*,*,*,*,*,2,C1,*
みちのく,7103,8494,10333,名詞,固有名詞,地名,一般,*,*,ミチノク,ミチノク,みちのく,ミチノク,ミチノク,固,みちのく,ミチノク,ミチノク,ミチノク,*,*,*,*,*,*,0,*,*
もちすり,7675,8961,10940,名詞,普通名詞,一般,*,*,*,モジズリ,捩摺,もぢずり,モジズリ,モヂズリ,和,もぢずり,モジズリ,モヂズリ,モジズリ,*,*,*,*,*,*,"2,0",C1,*
たれ,1,1,8540,代名詞,*,*,*,*,*,ダレ,誰,だれ,ダレ,ダレ,和,だれ,ダレ,ダレ,ダレ,*,*,*,*,*,*,1,*,*
ゆゑ,7687,9115,7988,名詞,普通名詞,副詞可能,*,*,*,ユエ,故,ゆゑ,ユエ,ユヱ,和,ゆゑ,ユエ,ユヱ,ユエ,*,*,*,*,*,*,2,C3,*
ゆえ,7687,9115,8858,名詞,普通名詞,副詞可能,*,*,*,ユエ,故,ゆえ,ユエ,ユエ,和,ゆえ,ユエ,ユエ,ユエ,*,*,*,*,*,*,2,C3,*
ゆへ,7687,9115,8859,名詞,普通名詞,副詞可能,*,*,*,ユエ,故,ゆへ,ユエ,ユヘ,和,ゆへ,ユエ,ユヘ,ユエ,*,*,*,*,*,*,2,C3,*
そめ,2133,2644,12746,動詞,一般,*,*,文語四段-マ行,命令形,ソム,染む,そめ,ソメ,ソメ,和,そむ,ソム,ソム,ソム,*,*,*,*,*,*,0,C4,*
そめ,2135,2650,11171,動詞,一般,*,*,文語四段-マ行,已然形-一般,ソム,染む,そめ,ソメ,ソメ,和,そむ,ソム,ソム,ソム,*,*,*,*,*,*,0,C4,*
そま,2139,2662,11122,動詞,一般,*,*,文語四段-マ行,未然形-一般,ソム,染む,そま,ソマ,ソマ,和,そむ,ソム,ソム,ソム,*,*,*,*,*,*,0,C4,*
そむ,2141,2668,9161,動詞,一般,*,*,文語四段-マ行,終止形-一般,ソム,染む,そむ,ソム,ソム,和,そむ,ソム,ソム,ソム,*,*,*,*,*,*,0,C4,*
そむ,2143,2674,9902,動詞,一般,*,*,文語四段-マ行,連体形-一般,ソム,染む,そむ,ソム,ソム,和,そむ,ソム,ソム,ソム,*,*,*,*,*,*,0,C4,*
そみ,2147,2686,9389,動詞,一般,*,*,文語四段-マ行,連用形-一般,ソム,染む,そみ,ソミ,ソミ,和,そむ,ソム,ソム,ソム,*,*,*,*,*,*,0,C4,*
そん,2149,2692,10582,動詞,一般,*,*,文語四段-マ行,連用形-撥音便,ソム,染む,そん,ソン,ソン,和,そむ,ソム,ソム,ソム,*,*,*,*,*,*,0,C4,*
われ,1,1,4635,代名詞,*,*,*,*,*,ワレ,我,われ,ワレ,ワレ,和,われ,ワレ,ワレ,ワレ,*,*,*,*,*,*,1,*,*
ならなくに,709,1071,15694,助動詞,*,*,*,文語助動詞-ナリ-断定,未然形-一般,ナリ,なり-断定,なら,ナラ,ナラ,和,なり,ナリ,ナリ,ナリ,*,*,*,*,*,*,*,"名詞%F2@1,形容詞%F2@-1動詞%F2@0",*
せ,559,561,10612,助動詞,*,*,*,文語下二段-サ行,未然形-一般,セル,せる,せ,セ,セ,和,す,ス,ス,ス,*,*,*,*,*,*,*,*,*
せ,565,567,9523,助動詞,*,*,*,文語下二段-サ行,連用形-一般,セル,せる,せ,セ,セ,和,す,ス,ス,ス,*,*,*,*,*,*,*,*,*
す,561,563,11145,助動詞,*,*,*,文語下二段-サ行,終止形-一般,セル,せる,す,ス,ス,和,す,ス,ス,ス,*,*,*,*,*,*,*,*,*
する,563,565,9819,助動詞,*,*,*,文語下二段-サ行,連体形-一般,セル,せる,する,スル,スル,和,す,ス,ス,ス,*,*,*,*,*,*,*,*,*
すれ,557,559,9460,助動詞,*,*,*,文語下二段-サ行,已然形-一般,セル,せる,すれ,スレ,スレ,和,す,ス,ス,ス,*,*,*,*,*,*,*,*,*
せよ,555,557,9803,助動詞,*,*,*,文語下二段-サ行,命令形,セル,せる,せよ,セヨ,セヨ,和,す,ス,ス,ス,*,*,*,*,*,*,*,*,M2@1
させ,558,560,9602,助動詞,*,*,*,文語下二段-サ行,未然形-一般,サセル,させる,させ,サセ,サセ,和,さす,サス,サス,サス,*,*,*,*,*,*,*,*,*
させ,564,566,9219,助動詞,*,*,*,文語下二段-サ行,連用形-一般,サセル,させる,させ,サセ,サセ,和,さす,サス,サス,サス,*,*,*,*,*,*,*,*,*
さす,560,562,9796,助動詞,*,*,*,文語下二段-サ行,終止形-一般,サセル,させる,さす,サス,サス,和,さす,サス,サス,サス,*,*,*,*,*,*,*,*,*
さする,562,564,9123,助動詞,*,*,*,文語下二段-サ行,連体形-一般,サセル,させる,さする,サスル,サスル,和,さす,サス,サス,サス,*,*,*,*,*,*,*,*,*
さすれ,556,558,9444,助動詞,*,*,*,文語下二段-サ行,已然形-一般,サセル,させる,さすれ,サスレ,サスレ,和,さす,サス,サス,サス,*,*,*,*,*,*,*,*,*
させよ,554,556,8982,助動詞,*,*,*,文語下二段-サ行,命令形,サセル,させる,させよ,サセヨ,サセヨ,和,さす,サス,サス,サス,*,*,*,*,*,*,*,*,M2@1
しめ,568,570,10511,助動詞,*,*,*,文語下二段-マ行,未然形-一般,シメル,しめる,しめ,シメ,シメ,和,しむ,シム,シム,シム,*,*,*,*,*,*,*,*,*
しめ,571,573,7174,助動詞,*,*,*,文語下二段-マ行,連用形-一般,シメル,しめる,しめ,シメ,シメ,和,しむ,シム,シム,シム,*,*,*,*,*,*,*,*,*
しむ,569,571,9351,助動詞,*,*,*,文語下二段-マ行,終止形-一般,シメル,しめる,しむ,シム,シム,和,しむ,シム,シム,シム,*,*,*,*,*,*,*,*,*
しむる,570,572,8643,助動詞,*,*,*,文語下二段-マ行,連体形-一般,シメル,しめる,しむる,シムル,シムル,和,しむ,シム,シム,シム,*,*,*,*,*,*,*,*,*
しむれ,567,569,9241,助動詞,*,*,*,文語下二段-マ行,已然形-一般,シメル,しめる,しむれ,シムレ,シムレ,和,しむ,シム,シム,シム,*,*,*,*,*,*,*,*,*
しめよ,566,568,9759,助動詞,*,*,*,文語下二段-マ行,命令形,シメル,しめる,しめよ,シメヨ,シメヨ,和,しむ,シム,シム,シム,*,*,*,*,*,*,*,*,M2@1
れ,585,587,13429,助動詞,*,*,*,文語下二段-ラ行,未然形-一般,レル,れる,れ,レ,レ,和,る,ル,ル,ル,*,*,*,*,*,*,*,動詞%F3@0,*
れ,598,600,11219,助動詞,*,*,*,文語下二段-ラ行,連用形-一般,レル,れる,れ,レ,レ,和,る,ル,ル,ル,*,*,*,*,*,*,*,動詞%F3@0,*
る,588,590,11925,助動詞,*,*,*,文語下二段-ラ行,終止形-一般,レル,れる,る,ル,ル,和,る,ル,ル,ル,*,*,*,*,*,*,*,動詞%F3@0,*
るる,593,595,11713,助動詞,*,*,*,文語下二段-ラ行,連体形-一般,レル,れる,るる,ルル,ルル,和,る,ル,ル,ル,*,*,*,*,*,*,*,動詞%F3@0,*
るれ,582,584,10860,助動詞,*,*,*,文語下二段-ラ行,已然形-一般,レル,れる,るれ,ルレ,ルレ,和,る,ル,ル,ル,*,*,*,*,*,*,*,動詞%F3@0,*
れよ,579,581,11714,助動詞,*,*,*,文語下二段-ラ行,命令形,レル,れる,れよ,レヨ,レヨ,和,る,ル,ル,ル,*,*,*,*,*,*,*,動詞%F3@0,M2@1
られ,584,586,14472,助動詞,*,*,*,文語下二段-ラ行,未然形-一般,ラレル,られる,られ,ラレ,ラレ,和,らる,ラル,ラル,ラル,*,*,*,*,*,*,*,*,*
られ,597,599,11816,助動詞,*,*,*,文語下二段-ラ行,連用形-一般,ラレル,られる,られ,ラレ,ラレ,和,らる,ラル,ラル,ラル,*,*,*,*,*,*,*,*,*
らる,587,589,13586,助動詞,*,*,*,文語下二段-ラ行,終止形-一般,ラレル,られる,らる,ラル,ラル,和,らる,ラル,ラル,ラル,*,*,*,*,*,*,*,*,*
らるる,591,593,13626,助動詞,*,*,*,文語下二段-ラ行,連体形-一般,ラレル,られる,らるる,ラルル,ラルル,和,らる,ラル,ラル,ラル,*,*,*,*,*,*,*,*,*
らるれ,581,583,12846,助動詞,*,*,*,文語下二段-ラ行,已然形-一般,ラレル,られる,らるれ,ラルレ,ラルレ,和,らる,ラル,ラル,ラル,*,*,*,*,*,*,*,*,*
られよ,578,580,12723,助動詞,*,*,*,文語下二段-ラ行,命令形,ラレル,られる,られよ,ラレヨ,ラレヨ,和,らる,ラル,ラル,ラル,*,*,*,*,*,*,*,*,M2@1
な,655,662,11966,助動詞,*,*,*,文語助動詞-ズ,未然形-一般,ズ,ず,ず,ズ,ズ,和,ず,ズ,ズ,ズ,*,*,*,*,*,*,*,"形容詞%F4@-1,動詞%F3@0",*
す,655,662,11966,助動詞,*,*,*,文語助動詞-ズ,未然形-一般,ズ,ず,ず,ズ,ズ,和,ず,ズ,ズ,ズ,*,*,*,*,*,*,*,"形容詞%F4@-1,動詞%F3@0",*
さら,657,664,8335,助動詞,*,*,*,文語助動詞-ズ,未然形-補助,ズ,ず,ざら,ザラ,ザラ,和,ず,ズ,ズ,ズ,*,*,*,*,*,*,*,"形容詞%F4@-1,動詞%F3@0",*
に,670,677,11249,助動詞,*,*,*,文語助動詞-ズ,連用形-ニ,ズ,ず,に,ニ,ニ,和,ず,ズ,ズ,ズ,*,*,*,*,*,*,*,"形容詞%F4@-1,動詞%F3@0",*
す,672,679,8505,助動詞,*,*,*,文語助動詞-ズ,連用形-一般,ズ,ず,ず,ズ,ズ,和,ず,ズ,ズ,ズ,*,*,*,*,*,*,*,"形容詞%F4@-1,動詞%F3@0",*
さり,674,681,8816,助動詞,*,*,*,文語助動詞-ズ,連用形-補助,ズ,ず,ざり,ザリ,ザリ,和,ず,ズ,ズ,ズ,*,*,*,*,*,*,*,"形容詞%F4@-1,動詞%F3@0",*
す,659,666,9673,助動詞,*,*,*,文語助動詞-ズ,終止形-一般,ズ,ず,ず,ズ,ズ,和,ず,ズ,ズ,ズ,*,*,*,*,*,*,*,"形容詞%F4@-1,動詞%F3@0",*
ぬ,661,668,7932,助動詞,*,*,*,文語助動詞-ズ,連体形-一般,ズ,ず,ぬ,ヌ,ヌ,和,ず,ズ,ズ,ズ,*,*,*,*,*,*,*,"形容詞%F4@-1,動詞%F3@0",*
さる,668,675,9597,助動詞,*,*,*,文語助動詞-ズ,連体形-補助,ズ,ず,ざる,ザル,ザル,和,ず,ズ,ズ,ズ,*,*,*,*,*,*,*,"形容詞%F4@-1,動詞%F3@0",*
ね,647,654,9360,助動詞,*,*,*,文語助動詞-ズ,已然形-一般,ズ,ず,ね,ネ,ネ,和,ず,ズ,ズ,ズ,*,*,*,*,*,*,*,"形容詞%F4@-1,動詞%F3@0",*
され,650,657,10682,助動詞,*,*,*,文語助動詞-ズ,已然形-補助,ズ,ず,ざれ,ザレ,ザレ,和,ず,ズ,ズ,ズ,*,*,*,*,*,*,*,"形容詞%F4@-1,動詞%F3@0",*
され,645,652,11172,助動詞,*,*,*,文語助動詞-ズ,命令形,ズ,ず,ざれ,ザレ,ザレ,和,ず,ズ,ズ,ズ,*,*,*,*,*,*,*,"形容詞%F4@-1,動詞%F3@0",*
せ,602,604,10719,助動詞,*,*,*,文語助動詞-キ,未然形-一般,キ,き,せ,セ,セ,和,き,キ,キ,キ,*,*,*,*,*,*,*,動詞%F4@0,*
き,603,605,8868,助動詞,*,*,*,文語助動詞-キ,終止形-一般,キ,き,き,キ,キ,和,き,キ,キ,キ,*,*,*,*,*,*,*,動詞%F4@0,*
し,604,606,7928,助動詞,*,*,*,文語助動詞-キ,連体形-一般,キ,き,し,シ,シ,和,き,キ,キ,キ,*,*,*,*,*,*,*,動詞%F4@0,*
しか,601,603,8326,助動詞,*,*,*,文語助動詞-キ,已然形-一般,キ,き,しか,シカ,シカ,和,き,キ,キ,キ,*,*,*,*,*,*,*,動詞%F4@0,*
けら,612,616,10802,助動詞,*,*,*,文語助動詞-ケリ,未然形-一般,ケリ,けり,けら,ケラ,ケラ,和,けり,ケリ,ケリ,ケリ,ケ濁,基本形,*,*,*,*,*,*,*
けり,613,618,7132,助動詞,*,*,*,文語助動詞-ケリ,終止形-一般,ケリ,けり,けり,ケリ,ケリ,和,けり,ケリ,ケリ,ケリ,ケ濁,基本形,*,*,*,*,*,*,*
ける,614,620,7463,助動詞,*,*,*,文語助動詞-ケリ,連体形-一般,ケリ,けり,ける,ケル,ケル,和,けり,ケリ,ケリ,ケリ,ケ濁,基本形,*,*,*,*,*,*,*
けれ,611,614,8619,助動詞,*,*,*,文語助動詞-ケリ,已然形-一般,ケリ,けり,けれ,ケレ,ケレ,和,けり,ケリ,ケリ,ケリ,ケ濁,基本形,*,*,*,*,*,*,*
て,694,701,10364,助動詞,*,*,*,文語助動詞-ツ,未然形-一般,ツ,つ,て,テ,テ,和,つ,ツ,ツ,ツ,*,*,*,*,*,*,*,動詞%F4@0,*
て,697,704,10765,助動詞,*,*,*,文語助動詞-ツ,連用形-一般,ツ,つ,て,テ,テ,和,つ,ツ,ツ,ツ,*,*,*,*,*,*,*,動詞%F4@0,*
つ,695,702,7324,助動詞,*,*,*,文語助動詞-ツ,終止形-一般,ツ,つ,つ,ツ,ツ,和,つ,ツ,ツ,ツ,*,*,*,*,*,*,*,動詞%F4@0,*
つる,696,703,6641,助動詞,*,*,*,文語助動詞-ツ,連体形-一般,ツ,つ,つる,ツル,ツル,和,つ,ツ,ツ,ツ,*,*,*,*,*,*,*,動詞%F4@0,*
つれ,693,700,8501,助動詞,*,*,*,文語助動詞-ツ,已然形-一般,ツ,つ,つれ,ツレ,ツレ,和,つ,ツ,ツ,ツ,*,*,*,*,*,*,*,動詞%F4@0,*
てよ,692,699,9167,助動詞,*,*,*,文語助動詞-ツ,命令形,ツ,つ,てよ,テヨ,テヨ,和,つ,ツ,ツ,ツ,*,*,*,*,*,*,*,動詞%F4@0,*
な,717,724,11210,助動詞,*,*,*,文語助動詞-ヌ,未然形-一般,ヌ,ぬ,な,ナ,ナ,和,ぬ,ヌ,ヌ,ヌ,*,*,*,*,*,*,*,動詞%F3@0,*
に,720,727,9558,助動詞,*,*,*,文語助動詞-ヌ,連用形-一般,ヌ,ぬ,に,ニ,ニ,和,ぬ,ヌ,ヌ,ヌ,*,*,*,*,*,*,*,動詞%F3@0,*
ぬ,718,725,8787,助動詞,*,*,*,文語助動詞-ヌ,終止形-一般,ヌ,ぬ,ぬ,ヌ,ヌ,和,ぬ,ヌ,ヌ,ヌ,*,*,*,*,*,*,*,動詞%F3@0,*
ぬる,719,726,7980,助動詞,*,*,*,文語助動詞-ヌ,連体形-一般,ヌ,ぬ,ぬる,ヌル,ヌル,和,ぬ,ヌ,ヌ,ヌ,*,*,*,*,*,*,*,動詞%F3@0,*
ぬれ,716,723,8524,助動詞,*,*,*,文語助動詞-ヌ,已然形-一般,ヌ,ぬ,ぬれ,ヌレ,ヌレ,和,ぬ,ヌ,ヌ,ヌ,*,*,*,*,*,*,*,動詞%F3@0,*
ね,715,722,9030,助動詞,*,*,*,文語助動詞-ヌ,命令形,ヌ,ぬ,ね,ネ,ネ,和,ぬ,ヌ,ヌ,ヌ,*,*,*,*,*,*,*,動詞%F3@0,*
たら,678,685,7738,助動詞,*,*,*,文語助動詞-タリ-完了,未然形-一般,タリ,たり-完了,たら,タラ,タラ,和,たり,タリ,タリ,タリ,*,*,*,*,*,*,*,"動詞%F6@1,-1,形容詞%F2@-2",*
たり,682,689,8621,助動詞,*,*,*,文語助動詞-タリ-完了,連用形-一般,タリ,たり-完了,たり,タリ,タリ,和,たり,タリ,タリ,タリ,*,*,*,*,*,*,*,"動詞%F6@1,-1,形容詞%F2@-2",*
たり,679,686,8260,助動詞,*,*,*,文語助動詞-タリ-完了,終止形-一般,タリ,たり-完了,たり,タリ,タリ,和,たり,タリ,タリ,タリ,*,*,*,*,*,*,*,"動詞%F6@1,-1,形容詞%F2@-2",*
たる,680,687,6383,助動詞,*,*,*,文語助動詞-タリ-完了,連体形-一般,タリ,たり-完了,たる,タル,タル,和,たり,タリ,タリ,タリ,*,*,*,*,*,*,*,"動詞%F6@1,-1,形容詞%F2@-2",*
たれ,676,683,8383,助動詞,*,*,*,文語助動詞-タリ-完了,已然形-一般,タリ,たり-完了,たれ,タレ,タレ,和,たり,タリ,タリ,タリ,*,*,*,*,*,*,*,"動詞%F6@1,-1,形容詞%F2@-2",*
たれ,675,682,9516,助動詞,*,*,*,文語助動詞-タリ-完了,命令形,タリ,たり-完了,たれ,タレ,タレ,和,たり,タリ,タリ,タリ,*,*,*,*,*,*,*,"動詞%F6@1,-1,形容詞%F2@-2",*
ら,816,823,12245,助動詞,*,*,*,文語助動詞-リ,未然形-一般,リ,り,ら,ラ,ラ,和,り,リ,リ,リ,*,*,*,*,*,*,*,動詞%F4@0,*
り,817,824,11569,助動詞,*,*,*,文語助動詞-リ,終止形-一般,リ,り,り,リ,リ,和,り,リ,リ,リ,*,*,*,*,*,*,*,動詞%F4@0,*""
り,820,827,12254,助動詞,*,*,*,文語助動詞-リ,連用形-一般,リ,り,り,リ,リ,和,り,リ,リ,リ,*,*,*,*,*,*,*,動詞%F4@0,*""
る,818,825,10509,助動詞,*,*,*,文語助動詞-リ,連体形-一般,リ,り,る,ル,ル,和,り,リ,リ,リ,*,*,*,*,*,*,*,動詞%F4@0,*
れ,814,821,12609,助動詞,*,*,*,文語助動詞-リ,命令形,リ,り,れ,レ,レ,和,り,リ,リ,リ,*,*,*,*,*,*,*,動詞%F4@0,*
れ,815,822,11621,助動詞,*,*,*,文語助動詞-リ,已然形-一般,リ,り,れ,レ,レ,和,り,リ,リ,リ,*,*,*,*,*,*,*,動詞%F4@0,*
ま,793,800,12484,助動詞,*,*,*,文語助動詞-ム,未然形-一般,ム,む,ま,マ,マ,和,む,ム,ム,ム,*,*,*,*,*,*,*,動詞%F4@0,*
む,794,801,7231,助動詞,*,*,*,文語助動詞-ム,終止形-一般,ム,む,む,ム,ム,和,む,ム,ム,ム,*,*,*,*,*,*,*,動詞%F4@0,*
ん,795,802,4680,助動詞,*,*,*,文語助動詞-ム,終止形-撥音便,ム,む,ん,ン,ン,和,む,ム,ム,ム,*,*,*,*,*,*,*,動詞%F4@0,*
む,796,803,6646,助動詞,*,*,*,文語助動詞-ム,連体形-一般,ム,む,む,ム,ム,和,む,ム,ム,ム,*,*,*,*,*,*,*,動詞%F4@0,*
ん,797,804,3918,助動詞,*,*,*,文語助動詞-ム,連体形-撥音便,ム,む,ん,ン,ン,和,む,ム,ム,ム,*,*,*,*,*,*,*,動詞%F4@0,*
め,792,799,7234,助動詞,*,*,*,文語助動詞-ム,已然形-一般,ム,む,め,メ,メ,和,む,ム,ム,ム,*,*,*,*,*,*,*,動詞%F4@0,*
むす,799,806,4404,助動詞,*,*,*,文語助動詞-ムズ,終止形-一般,ムズ,むず,むず,ムズ,ムズ,和,むず,ムズ,ムズ,ムズ,*,*,*,*,*,*,*,*,*
んす,799,806,7230,助動詞,*,*,*,文語助動詞-ムズ,終止形-一般,ムズ,むず,んず,ンズ,ンズ,和,んず,ンズ,ンズ,ンズ,*,*,*,*,*,*,*,*,*
むする,800,807,6235,助動詞,*,*,*,文語助動詞-ムズ,連体形-一般,ムズ,むず,むずる,ムズル,ムズル,和,むず,ムズ,ムズ,ムズ,*,*,*,*,*,*,*,*,*
んする,800,807,8074,助動詞,*,*,*,文語助動詞-ムズ,連体形-一般,ムズ,むず,んずる,ンズル,ンズル,和,んず,ンズ,ンズ,ンズ,*,*,*,*,*,*,*,*,*
むすれ,798,805,7646,助動詞,*,*,*,文語助動詞-ムズ,已然形-一般,ムズ,むず,むずれ,ムズレ,ムズレ,和,むず,ムズ,ムズ,ムズ,*,*,*,*,*,*,*,*,*
んすれ,798,805,9223,助動詞,*,*,*,文語助動詞-ムズ,已然形-一般,ムズ,むず,んずれ,ンズレ,ンズレ,和,んず,ンズ,ンズ,ンズ,*,*,*,*,*,*,*,*,*
らむ,809,816,10337,助動詞,*,*,*,文語助動詞-ラム,終止形-一般,ラム,らむ,らむ,ラム,ラム,和,らむ,ラム,ラム,ラム,*,*,*,*,*,*,*,"動詞%F2@1,形容詞%F4@1",*
らん,810,817,9009,助動詞,*,*,*,文語助動詞-ラム,終止形-撥音便,ラム,らむ,らん,ラン,ラン,和,らむ,ラム,ラム,ラム,*,*,*,*,*,*,*,"動詞%F2@1,形容詞%F4@1",*
らむ,811,818,10021,助動詞,*,*,*,文語助動詞-ラム,連体形-一般,ラム,らむ,らむ,ラム,ラム,和,らむ,ラム,ラム,ラム,*,*,*,*,*,*,*,"動詞%F2@1,形容詞%F4@1",*
らん,812,819,8334,助動詞,*,*,*,文語助動詞-ラム,連体形-撥音便,ラム,らむ,らん,ラン,ラン,和,らむ,ラム,ラム,ラム,*,*,*,*,*,*,*,"動詞%F2@1,形容詞%F4@1",*
らめ,808,815,10699,助動詞,*,*,*,文語助動詞-ラム,已然形-一般,ラム,らむ,らめ,ラメ,ラメ,和,らむ,ラム,ラム,ラム,*,*,*,*,*,*,*,"動詞%F2@1,形容詞%F4@1",*
けま,793,800,12484,助動詞,*,*,*,文語助動詞-ム,未然形-一般,ム,む,ま,マ,マ,和,む,ム,ム,ム,*,*,*,*,*,*,*,動詞%F4@0,*
けむ,606,608,10146,助動詞,*,*,*,文語助動詞-ケム,終止形-一般,ケム,けむ,けむ,ケム,ケム,和,けむ,ケム,ケム,ケム,*,*,*,*,*,*,*,動詞%F4@1,*
けん,607,609,8767,助動詞,*,*,*,文語助動詞-ケム,終止形-撥音便,ケム,けむ,けん,ケン,ケン,和,けむ,ケム,ケム,ケム,*,*,*,*,*,*,*,動詞%F4@1,*
けむ,608,610,7831,助動詞,*,*,*,文語助動詞-ケム,連体形-一般,ケム,けむ,けむ,ケム,ケム,和,けむ,ケム,ケム,ケム,*,*,*,*,*,*,*,動詞%F4@1,*
けん,609,611,7177,助動詞,*,*,*,文語助動詞-ケム,連体形-撥音便,ケム,けむ,けん,ケン,ケン,和,けむ,ケム,ケム,ケム,*,*,*,*,*,*,*,動詞%F4@1,*
けめ,605,607,9040,助動詞,*,*,*,文語助動詞-ケム,已然形-一般,ケム,けむ,けめ,ケメ,ケメ,和,けむ,ケム,ケム,ケム,*,*,*,*,*,*,*,動詞%F4@1,*
へく,731,738,10914,助動詞,*,*,*,文語助動詞-ベシ,未然形-一般,ベシ,べし,べけ,ベケ,ベケ,和,べし,ベシ,ベシ,ベシ,*,*,*,*,*,*,*,動詞%F2@1,*
へから,735,742,9571,助動詞,*,*,*,文語助動詞-ベシ,未然形-補助,ベシ,べし,べから,ベカラ,ベカラ,和,べし,ベシ,ベシ,ベシ,*,*,*,*,*,*,*,動詞%F2@1,*
へく,767,774,8311,助動詞,*,*,*,文語助動詞-ベシ,連用形-一般,ベシ,べし,べく,ベク,ベク,和,べし,ベシ,ベシ,ベシ,*,*,*,*,*,*,*,動詞%F2@1,*
へかり,772,779,9654,助動詞,*,*,*,文語助動詞-ベシ,連用形-補助,ベシ,べし,べかり,ベカリ,ベカリ,和,べし,ベシ,ベシ,ベシ,*,*,*,*,*,*,*,動詞%F2@1,*
へう,764,771,10637,助動詞,*,*,*,文語助動詞-ベシ,連用形-ウ音便,ベシ,べし,べう,ビョー,ベウ,和,べし,ベシ,ベシ,ベシ,*,*,*,*,*,*,*,動詞%F2@1,*
へし,740,747,9861,助動詞,*,*,*,文語助動詞-ベシ,終止形-一般,ベシ,べし,べし,ベシ,ベシ,和,べし,ベシ,ベシ,ベシ,*,*,*,*,*,*,*,動詞%F2@1,*
へき,749,756,7846,助動詞,*,*,*,文語助動詞-ベシ,連体形-一般,ベシ,べし,べき,ベキ,ベキ,和,べし,ベシ,ベシ,ベシ,*,*,*,*,*,*,*,動詞%F2@1,*
へかる,761,768,9939,助動詞,*,*,*,文語助動詞-ベシ,連体形-補助,ベシ,べし,べかる,ベカル,ベカル,和,べし,ベシ,ベシ,ベシ,*,*,*,*,*,*,*,動詞%F2@1,*
へい,746,753,9961,助動詞,*,*,*,文語助動詞-ベシ,連体形-イ音便,ベシ,べし,べい,ベー,ベイ,和,べし,ベシ,ベシ,ベシ,*,*,*,*,*,*,*,動詞%F2@1,*
へかん,755,762,9917,助動詞,*,*,*,文語助動詞-ベシ,連体形-撥音便,ベシ,べし,べかん,ベカン,ベカン,和,べし,ベシ,ベシ,ベシ,*,*,*,*,*,*,*,動詞%F2@1,*
へか,753,760,9967,助動詞,*,*,*,文語助動詞-ベシ,連体形-撥音便,ベシ,べし,べか,ベカン,ベカン,和,べし,ベシ,ベシ,ベシ,*,*,*,*,*,*,*,動詞%F2@1,*
へけれ,721,728,9178,助動詞,*,*,*,文語助動詞-ベシ,已然形-一般,ベシ,べし,べけれ,ベケレ,ベケレ,和,べし,ベシ,ベシ,ベシ,*,*,*,*,*,*,*,動詞%F2@1,*
めり,802,809,6761,助動詞,*,*,*,文語助動詞-メリ,終止形-一般,メリ,めり,めり,メリ,メリ,和,めり,メリ,メリ,メリ,*,*,*,*,*,*,*,*,*
めり,804,811,9012,助動詞,*,*,*,文語助動詞-メリ,連用形-一般,メリ,めり,めり,メリ,メリ,和,めり,メリ,メリ,メリ,*,*,*,*,*,*,*,*,*
める,803,810,7146,助動詞,*,*,*,文語助動詞-メリ,連体形-一般,メリ,めり,める,メル,メル,和,めり,メリ,メリ,メリ,*,*,*,*,*,*,*,*,*
めん,803,810,7146,助動詞,*,*,*,文語助動詞-メリ,連体形-一般,メリ,めり,める,メル,メル,和,めり,メリ,メリ,メリ,*,*,*,*,*,*,*,*,*
め,803,810,7146,助動詞,*,*,*,文語助動詞-メリ,連体形-一般,メリ,めり,める,メル,メル,和,めり,メリ,メリ,メリ,*,*,*,*,*,*,*,*,*
めれ,801,808,4827,助動詞,*,*,*,文語助動詞-メリ,已然形-一般,メリ,めり,めれ,メレ,メレ,和,めり,メリ,メリ,メリ,*,*,*,*,*,*,*,*,*
なら,702,709,11849,助動詞,*,*,*,文語助動詞-ナリ-伝聞,未然形-一般,ナリ,なり-伝聞,なら,ナラ,ナラ,和,なり,ナリ,ナリ,ナリ,*,*,*,*,*,*,*,"名詞%F2@1,形容詞%F2@-1動詞%F2@0",*
なり,705,712,13949,助動詞,*,*,*,文語助動詞-ナリ-伝聞,連用形-一般,ンナリ,んなり,なり,ンナリ,ナリ,和,なり,ンナリ,ナリ,ンナリ,*,*,*,*,*,*,*,*,*
なり,703,710,14131,助動詞,*,*,*,文語助動詞-ナリ-伝聞,終止形-一般,ンナリ,んなり,なり,ンナリ,ナリ,和,なり,ンナリ,ナリ,ンナリ,*,*,*,*,*,*,*,*,*
なる,704,711,11506,助動詞,*,*,*,文語助動詞-ナリ-伝聞,連体形-一般,ンナリ,んなり,なる,ンナル,ナル,和,なり,ンナリ,ナリ,ンナリ,*,*,*,*,*,*,*,*,*
なん,712,719,10817,助動詞,*,*,*,文語助動詞-ナリ-断定,連体形-撥音便,ナリ,なり-断定,なん,ナン,ナン,和,なり,ナリ,ナリ,ナリ,*,*,*,*,*,*,*,"名詞%F2@1,形容詞%F2@-1動詞%F2@0",*
な,712,719,9518,助動詞,*,*,*,文語助動詞-ナリ-断定,連体形-撥音便,ナリ,なり-断定,な,ナン,ナン,和,なり,ナリ,ナリ,ナリ,*,*,*,*,*,*,*,"名詞%F2@1,形容詞%F2@-1動詞%F2@0",*
なれ,700,707,12996,助動詞,*,*,*,文語助動詞-ナリ-伝聞,已然形-一般,ンナリ,んなり,なれ,ンナレ,ナレ,和,なり,ンナリ,ナリ,ンナリ,*,*,*,*,*,*,*,*,*
らし,806,813,6768,助動詞,*,*,*,文語助動詞-ラシ,終止形-一般,ラシ,らし,らし,ラシ,ラシ,和,らし,ラシ,ラシ,ラシ,*,*,*,*,*,*,*,"動詞%F2@1,形容詞%F4@1",*
らし,807,814,8544,助動詞,*,*,*,文語助動詞-ラシ,連体形-一般,ラシ,らし,らし,ラシ,ラシ,和,らし,ラシ,ラシ,ラシ,*,*,*,*,*,*,*,"動詞%F2@1,形容詞%F4@1",*
らし,805,812,8394,助動詞,*,*,*,文語助動詞-ラシ,已然形-一般,ラシ,らし,らし,ラシ,ラシ,和,らし,ラシ,ラシ,ラシ,*,*,*,*,*,*,*,"動詞%F2@1,形容詞%F4@1",*
らしき,807,814,8544,助動詞,*,*,*,文語助動詞-ラシ,連体形-一般,ラシ,らし,らし,ラシ,ラシ,和,らし,ラシ,ラシ,ラシ,*,*,*,*,*,*,*,"動詞%F2@1,形容詞%F4@1",*
ませ,776,783,11484,助動詞,*,*,*,文語助動詞-マシ,未然形-一般,マシ,まし,ませ,マセ,マセ,和,まし,マシ,マシ,マシ,*,*,*,*,*,*,*,*,*
ましか,776,783,9512,助動詞,*,*,*,文語助動詞-マシ,未然形-一般,マシ,まし,ましか,マシカ,マシカ,和,まし,マシ,マシ,マシ,*,*,*,*,*,*,*,*,*
まし,777,784,7110,助動詞,*,*,*,文語助動詞-マシ,終止形-一般,マシ,まし,まし,マシ,マシ,和,まし,マシ,マシ,マシ,*,*,*,*,*,*,*,*,*
まし,778,785,6859,助動詞,*,*,*,文語助動詞-マシ,連体形-一般,マシ,まし,まし,マシ,マシ,和,まし,マシ,マシ,マシ,*,*,*,*,*,*,*,*,*
ましか,775,782,8923,助動詞,*,*,*,文語助動詞-マシ,已然形-一般,マシ,まし,ましか,マシカ,マシカ,和,まし,マシ,マシ,マシ,*,*,*,*,*,*,*,*,*
し,639,646,11424,助動詞,*,*,*,文語助動詞-ジ,已然形-一般,ジ,じ,じ,ジ,ジ,和,じ,ジ,ジ,ジ,*,*,*,*,*,*,*,動詞%F4@0,*
し,640,647,7364,助動詞,*,*,*,文語助動詞-ジ,終止形-一般,ジ,じ,じ,ジ,ジ,和,じ,ジ,ジ,ジ,*,*,*,*,*,*,*,動詞%F4@0,*
し,641,648,8013,助動詞,*,*,*,文語助動詞-ジ,連体形-一般,ジ,じ,じ,ジ,ジ,和,じ,ジ,ジ,ジ,*,*,*,*,*,*,*,動詞%F4@0,*
ましく,781,788,12425,助動詞,*,*,*,文語助動詞-マジ,未然形-一般,マジ,まじ,まじく,マジク,マジク,和,まじ,マジ,マジ,マジ,*,*,*,*,*,*,*,動詞%F4@1,*
ましから,782,789,9543,助動詞,*,*,*,文語助動詞-マジ,未然形-補助,マジ,まじ,まじから,マジカラ,マジカラ,和,まじ,マジ,マジ,マジ,*,*,*,*,*,*,*,動詞%F4@1,*
ましく,788,795,7414,助動詞,*,*,*,文語助動詞-マジ,連用形-一般,マジ,まじ,まじく,マジク,マジク,和,まじ,マジ,マジ,マジ,*,*,*,*,*,*,*,動詞%F4@1,*
ましかり,789,796,9495,助動詞,*,*,*,文語助動詞-マジ,連用形-補助,マジ,まじ,まじかり,マジカリ,マジカリ,和,まじ,マジ,マジ,マジ,*,*,*,*,*,*,*,動詞%F4@1,*
ましう,787,794,10390,助動詞,*,*,*,文語助動詞-マジ,連用形-ウ音便,マジ,まじ,まじう,マジュー,マジュウ,和,まじ,マジ,マジ,マジ,*,*,*,*,*,*,*,動詞%F4@1,*
まし,783,790,9010,助動詞,*,*,*,文語助動詞-マジ,終止形-一般,マジ,まじ,まじ,マジ,マジ,和,まじ,マジ,マジ,マジ,*,*,*,*,*,*,*,動詞%F4@1,*
ましき,784,791,8307,助動詞,*,*,*,文語助動詞-マジ,連体形-一般,マジ,まじ,まじき,マジキ,マジキ,和,まじ,マジ,マジ,マジ,*,*,*,*,*,*,*,動詞%F4@1,*
ましかる,786,793,9729,助動詞,*,*,*,文語助動詞-マジ,連体形-補助,マジ,まじ,まじかる,マジカル,マジカル,和,まじ,マジ,マジ,マジ,*,*,*,*,*,*,*,動詞%F4@1,*
ましい,786,793,9729,助動詞,*,*,*,文語助動詞-マジ,連体形-補助,マジ,まじ,まじかる,マジカル,マジカル,和,まじ,マジ,マジ,マジ,*,*,*,*,*,*,*,動詞%F4@1,*
ましけれ,779,786,8925,助動詞,*,*,*,文語助動詞-マジ,已然形-一般,マジ,まじ,まじけれ,マジケレ,マジケレ,和,まじ,マジ,マジ,マジ,*,*,*,*,*,*,*,動詞%F4@1,*
まほしく,900,907,12800,助動詞,*,*,*,文語形容詞-シク,未然形-一般,マホシ,まほし,まほしく,マホシク,マホシク,和,まほし,マホシ,マホシ,マホシ,*,*,*,*,*,*,*,*,*
まほしから,901,908,10071,助動詞,*,*,*,文語形容詞-シク,未然形-補助,マホシ,まほし,まほしから,マホシカラ,マホシカラ,和,まほし,マホシ,マホシ,マホシ,*,*,*,*,*,*,*,*,*
まほしく,909,916,8542,助動詞,*,*,*,文語形容詞-シク,連用形-一般,マホシ,まほし,まほしく,マホシク,マホシク,和,まほし,マホシ,マホシ,マホシ,*,*,*,*,*,*,*,*,*
まほしかり,910,917,10108,助動詞,*,*,*,文語形容詞-シク,連用形-補助,マホシ,まほし,まほしかり,マホシカリ,マホシカリ,和,まほし,マホシ,マホシ,マホシ,*,*,*,*,*,*,*,*,*
まほし,902,909,10539,助動詞,*,*,*,文語形容詞-シク,終止形-一般,マホシ,まほし,まほし,マホシ,マホシ,和,まほし,マホシ,マホシ,マホシ,*,*,*,*,*,*,*,*,*
まほしき,905,912,9228,助動詞,*,*,*,文語形容詞-シク,連体形-一般,マホシ,まほし,まほしき,マホシキ,マホシキ,和,まほし,マホシ,マホシ,マホシ,*,*,*,*,*,*,*,*,*
まほしかる,907,914,10311,助動詞,*,*,*,文語形容詞-シク,連体形-補助,マホシ,まほし,まほしかる,マホシカル,マホシカル,和,まほし,マホシ,マホシ,マホシ,*,*,*,*,*,*,*,*,*
まほしけれ,898,905,9551,助動詞,*,*,*,文語形容詞-シク,已然形-一般,マホシ,まほし,まほしけれ,マホシケレ,マホシケレ,和,まほし,マホシ,マホシ,マホシ,*,*,*,*,*,*,*,*,*
たく,861,868,12803,助動詞,*,*,*,文語形容詞-ク,未然形-一般,タイ,たい,たく,タク,タク,和,たし,タシ,タシ,タシ,*,*,*,*,*,*,*,動詞%F4@1,*
たから,864,871,11177,助動詞,*,*,*,文語形容詞-ク,未然形-補助,タイ,たい,たから,タカラ,タカラ,和,たし,タシ,タシ,タシ,*,*,*,*,*,*,*,動詞%F4@1,*
たく,891,898,10830,助動詞,*,*,*,文語形容詞-ク,連用形-一般,タイ,たい,たく,タク,タク,和,たし,タシ,タシ,タシ,*,*,*,*,*,*,*,動詞%F4@1,*
たかり,895,902,11035,助動詞,*,*,*,文語形容詞-ク,連用形-補助,タイ,たい,たかり,タカリ,タカリ,和,たし,タシ,タシ,タシ,*,*,*,*,*,*,*,動詞%F4@1,*
たし,867,874,11430,助動詞,*,*,*,文語形容詞-ク,終止形-一般,タイ,たい,たし,タシ,タシ,和,たし,タシ,タシ,タシ,*,*,*,*,*,*,*,動詞%F4@1,*
たき,876,883,9214,助動詞,*,*,*,文語形容詞-ク,連体形-一般,タイ,たい,たき,タキ,タキ,和,たし,タシ,タシ,タシ,*,*,*,*,*,*,*,動詞%F4@1,*
たけれ,850,857,10661,助動詞,*,*,*,文語形容詞-ク,已然形-一般,タイ,たい,たけれ,タケレ,タケレ,和,たし,タシ,タシ,タシ,*,*,*,*,*,*,*,動詞%F4@1,*
ことく,622,629,10336,助動詞,*,*,*,文語助動詞-ゴトシ,未然形-一般,ゴトシ,ごとし,如け,ゴトケ,ゴトケ,和,如し,ゴトシ,ゴトシ,ゴトシ,*,*,*,*,*,*,*,"動詞%F2@1,形容詞%F2@1",*
ことく,626,633,6213,助動詞,*,*,*,文語助動詞-ゴトシ,連用形-一般,ゴトシ,ごとし,ごとく,ゴトク,ゴトク,和,ごとし,ゴトシ,ゴトシ,ゴトシ,*,*,*,*,*,*,*,"動詞%F2@1,形容詞%F2@1",*
ことし,623,630,8905,助動詞,*,*,*,文語助動詞-ゴトシ,終止形-一般,ゴトシ,ごとし,ごとし,ゴトシ,ゴトシ,和,ごとし,ゴトシ,ゴトシ,ゴトシ,*,*,*,*,*,*,*,"動詞%F2@1,形容詞%F2@1",*
ことき,625,632,7752,助動詞,*,*,*,文語助動詞-ゴトシ,連体形-一般,ゴトシ,ごとし,ごとき,ゴトキ,ゴトキ,和,ごとし,ゴトシ,ゴトシ,ゴトシ,*,*,*,*,*,*,*,"動詞%F2@1,形容詞%F2@1",*
なれ,706,713,10580,助動詞,*,*,*,文語助動詞-ナリ-断定,命令形,ナリ,なり-断定,なれ,ナレ,ナレ,和,なり,ナリ,ナリ,ナリ,*,*,*,*,*,*,*,"名詞%F2@1,形容詞%F2@-1動詞%F2@0",*
なれ,707,714,6201,助動詞,*,*,*,文語助動詞-ナリ-断定,已然形-一般,ナリ,なり-断定,なれ,ナレ,ナレ,和,なり,ナリ,ナリ,ナリ,*,*,*,*,*,*,*,"名詞%F2@1,形容詞%F2@-1動詞%F2@0",*
なら,709,716,5694,助動詞,*,*,*,文語助動詞-ナリ-断定,未然形-一般,ナリ,なり-断定,なら,ナラ,ナラ,和,なり,ナリ,ナリ,ナリ,*,*,*,*,*,*,*,"名詞%F2@1,形容詞%F2@-1動詞%F2@0",*
な,710,717,13130,助動詞,*,*,*,文語助動詞-ナリ-断定,終止形-一般,ナリ,なり-断定,な,ナ,ナ,和,なり,ナリ,ナリ,ナリ,*,*,*,*,*,*,*,"名詞%F2@1,形容詞%F2@-1動詞%F2@0",*
なり,710,717,7323,助動詞,*,*,*,文語助動詞-ナリ-断定,終止形-一般,ナリ,なり-断定,なり,ナリ,ナリ,和,なり,ナリ,ナリ,ナリ,*,*,*,*,*,*,*,"名詞%F2@1,形容詞%F2@-1動詞%F2@0",*
なる,711,718,3825,助動詞,*,*,*,文語助動詞-ナリ-断定,連体形-一般,ナリ,なり-断定,なる,ナル,ナル,和,なり,ナリ,ナリ,ナリ,*,*,*,*,*,*,*,"名詞%F2@1,形容詞%F2@-1動詞%F2@0",*
な,712,719,9518,助動詞,*,*,*,文語助動詞-ナリ-断定,連体形-撥音便,ナリ,なり-断定,な,ナン,ナン,和,なり,ナリ,ナリ,ナリ,*,*,*,*,*,*,*,"名詞%F2@1,形容詞%F2@-1動詞%F2@0",*
なむ,712,719,12729,助動詞,*,*,*,文語助動詞-ナリ-断定,連体形-撥音便,ナリ,なり-断定,なむ,ナン,ナン,和,なり,ナリ,ナリ,ナリ,*,*,*,*,*,*,*,"名詞%F2@1,形容詞%F2@-1動詞%F2@0",*
なん,712,719,10817,助動詞,*,*,*,文語助動詞-ナリ-断定,連体形-撥音便,ナリ,なり-断定,なん,ナン,ナン,和,なり,ナリ,ナリ,ナリ,*,*,*,*,*,*,*,"名詞%F2@1,形容詞%F2@-1動詞%F2@0",*
に,713,720,4117,助動詞,*,*,*,文語助動詞-ナリ-断定,連用形-ニ,ナリ,なり-断定,に,ニ,ニ,和,なり,ナリ,ナリ,ナリ,*,*,*,*,*,*,*,"名詞%F2@1,形容詞%F2@-1動詞%F2@0",*
なり,714,721,7660,助動詞,*,*,*,文語助動詞-ナリ-断定,連用形-一般,ナリ,なり-断定,なり,ナリ,ナリ,和,なり,ナリ,ナリ,ナリ,*,*,*,*,*,*,*,"名詞%F2@1,形容詞%F2@-1動詞%F2@0",*
たれ,683,690,13744,助動詞,*,*,*,文語助動詞-タリ-断定,命令形,タリ,たり-断定,たれ,タレ,タレ,和,たり,タリ,タリ,タリ,*,*,*,*,*,*,*,"名詞%F2@1,動詞%F2@1",*
たれ,684,691,13244,助動詞,*,*,*,文語助動詞-タリ-断定,已然形-一般,タリ,たり-断定,たれ,タレ,タレ,和,たり,タリ,タリ,タリ,*,*,*,*,*,*,*,"名詞%F2@1,動詞%F2@1",*
たら,686,693,14207,助動詞,*,*,*,文語助動詞-タリ-断定,未然形-一般,タリ,たり-断定,たら,タラ,タラ,和,たり,タリ,タリ,タリ,*,*,*,*,*,*,*,"名詞%F2@1,動詞%F2@1",*
たり,687,694,13807,助動詞,*,*,*,文語助動詞-タリ-断定,終止形-一般,タリ,たり-断定,たり,タリ,タリ,和,たり,タリ,タリ,タリ,*,*,*,*,*,*,*,"名詞%F2@1,動詞%F2@1",*
たる,688,695,13255,助動詞,*,*,*,文語助動詞-タリ-断定,連体形-一般,タリ,たり-断定,たる,タル,タル,和,たり,タリ,タリ,タリ,*,*,*,*,*,*,*,"名詞%F2@1,動詞%F2@1",*
と,690,697,15465,助動詞,*,*,*,文語助動詞-タリ-断定,連用形-ト,タリ,たり-断定,と,ト,ト,和,たり,タリ,タリ,タリ,*,*,*,*,*,*,*,"名詞%F2@1,動詞%F2@1",*
たり,691,698,13677,助動詞,*,*,*,文語助動詞-タリ-断定,連用形-一般,タリ,たり-断定,たり,タリ,タリ,和,たり,タリ,タリ,タリ,*,*,*,*,*,*,*,"名詞%F2@1,動詞%F2@1",*
の,1066,1075,5271,助詞,格助詞,*,*,*,*,ノ,の,の,ノ,ノ,和,の,ノ,ノ,ノ,*,*,*,*,*,*,*,名詞%F1,*
の,1091,1100,10287,助詞,準体助詞,*,*,*,*,ノ,の,の,ノ,ノ,和,の,ノ,ノ,ノ,*,*,*,*,*,*,*,"動詞%F2@0,形容詞%F2@-1",*
の,1122,1131,11208,助詞,終助詞,*,*,*,*,ノ,の,の,ノ,ノ,和,の,ノ,ノ,ノ,*,*,*,*,*,*,*,"動詞%F2@0,形容詞%F2@-1",*
か,1038,1047,5735,助詞,格助詞,*,*,*,*,ガ,が,が,ガ,ガ,和,が,ガ,ガ,ガ,*,*,*,*,*,*,*,"動詞%F2@0,名詞%F1",*
に,1062,1071,4666,助詞,格助詞,*,*,*,*,ニ,に,に,ニ,ニ,和,に,ニ,ニ,ニ,*,*,*,*,*,*,*,名詞%F1,*
を,1070,1079,4685,助詞,格助詞,*,*,*,*,ヲ,を,を,オ,ヲ,和,を,オ,ヲ,ヲ,*,*,*,*,*,*,*,"動詞%F2@0,名詞%F1,形容詞%F2@-1",*""
へ,1067,1076,8356,助詞,格助詞,*,*,*,*,ヘ,へ,へ,エ,ヘ,和,へ,エ,ヘ,ヘ,*,*,*,*,*,*,*,名詞%F1,*
へ,1094,1103,12682,助詞,終助詞,*,*,*,*,エ,え,へ,エ,ヘ,和,へ,エ,ヘ,エ,*,*,*,*,*,*,*,*,*
と,1059,1068,4152,助詞,格助詞,*,*,*,*,ト,と,と,ト,ト,和,と,ト,ト,ト,*,*,*,*,*,*,*,"名詞%F1,動詞%F1,形容詞%F2@-1",*
と,1016,1025,11562,助詞,接続助詞,*,*,*,*,ト,と,と,ト,ト,和,と,ト,ト,ト,*,*,*,*,*,*,*,"形容詞%F2@-1,動詞%F1",*
より,1069,1078,4895,助詞,格助詞,*,*,*,*,ヨリ,より,より,ヨリ,ヨリ,和,より,ヨリ,ヨリ,ヨリ,*,*,*,*,*,*,*,"名詞%F2@1,動詞%F2@1,形容詞%F2@1",*
から,983,992,12105,助詞,接続助詞,*,*,*,*,カラ,から,から,カラ,カラ,和,から,カラ,カラ,カラ,*,*,*,*,*,*,*,"動詞%F2@0,形容詞%F2@-1",*
から,1037,1046,7721,助詞,格助詞,*,*,*,*,カラ,から,から,カラ,カラ,和,から,カラ,カラ,カラ,*,*,*,*,*,*,*,"動詞%F2@0,形容詞%F2@-1,名詞%F1",*
にて,1034,1043,8194,助詞,格助詞,*,*,*,*,ニテ,にて,にて,ニテ,ニテ,和,にて,ニテ,ニテ,ニテ,*,*,*,*,*,*,*,名詞%F2@1,*
して,5358,1019,13832,動詞,非自立可能,*,*,文語サ行変格,連用形-一般,スル,為る,し,シ,シ,和,す,ス,ス,ス,*,*,*,*,*,*,1,C4,*
は,1019,1028,6452,助詞,接続助詞,*,*,*,*,バ,ば,ば,バ,バ,和,ば,バ,バ,バ,*,*,*,*,*,*,*,"動詞%F2@0,形容詞%F2@-1",*
とも,981,990,8825,助詞,接続助詞,*,*,*,*,トモ,とも,とも,トモ,トモ,和,とも,トモ,トモ,トモ,*,*,*,*,*,*,*,形容詞%F2@-1,*
と,981,990,6805,助詞,接続助詞,*,*,*,*,ド,ど,ど,ド,ド,和,ど,ド,ド,ド,*,*,*,*,*,*,*,動詞%F2@0,*
とも,981,990,6724,助詞,接続助詞,*,*,*,*,ドモ,ども,ども,ドモ,ドモ,和,ども,ドモ,ドモ,ドモ,*,*,*,*,*,*,*,動詞%F2@0,*
か,988,997,11663,助詞,接続助詞,*,*,*,*,ガ,が,が,ガ,ガ,和,が,ガ,ガ,ガ,*,*,*,*,*,*,*,"動詞%F2@0,形容詞%F2@-1",*
に,1018,1027,8227,助詞,接続助詞,*,*,*,*,ニ,に,に,ニ,ニ,和,に,ニ,ニ,ニ,*,*,*,*,*,*,*,*,*
を,1023,1032,8005,助詞,接続助詞,*,*,*,*,ヲ,を,を,ヲ,ヲ,和,を,ヲ,ヲ,ヲ,*,*,*,*,*,*,*,*,*
て,1010,1019,7075,助詞,接続助詞,*,*,*,*,テ,て,て,テ,テ,和,て,テ,テ,テ,*,*,*,*,*,*,*,"動詞%F1,形容詞%F2@-1",*
してて,0,0,25000,不明,*
つつ,981,990,5980,助詞,接続助詞,*,*,*,*,ツツ,つつ,つつ,ツツ,ツツ,和,つつ,ツツ,ツツ,ツツ,*,*,*,*,*,*,*,動詞%F4@1,*""
なから,1017,1026,6141,助詞,接続助詞,*,*,*,*,ナガラ,ながら,ながら,ナガラ,ナガラ,和,ながら,ナガラ,ナガラ,ナガラ,*,*,*,*,*,*,*,"名詞%F4@1,動詞%F4@1,形容詞%F4@1",*
ものの,7662,1066,9024,名詞,普通名詞,サ変可能,*,*,*,モノ,物,もの,モノ,モノ,和,もの,モノ,モノ,モノ,*,*,*,*,*,*,"2,0",C4,*
ものから,7662,1046,11474,名詞,普通名詞,サ変可能,*,*,*,モノ,物,もの,モノ,モノ,和,もの,モノ,モノ,モノ,*,*,*,*,*,*,"2,0",C4,*
ものを,7662,1032,11758,名詞,普通名詞,サ変可能,*,*,*,モノ,物,もの,モノ,モノ,和,もの,モノ,モノ,モノ,*,*,*,*,*,*,"2,0",C4,*
たに,931,938,4078,助詞,副助詞,*,*,*,*,ダニ,だに,だに,ダニ,ダニ,和,だに,ダニ,ダニ,ダニ,*,*,*,*,*,*,*,名詞%F2@1,*
すら,931,938,9772,助詞,副助詞,*,*,*,*,スラ,すら,すら,スラ,スラ,和,すら,スラ,スラ,スラ,*,*,*,*,*,*,*,"名詞%F2@1,動詞%F2@0,形容詞%F6@0,-2",*
さへ,931,938,4476,助詞,副助詞,*,*,*,*,サエ,さえ,さへ,サエ,サヘ,和,さへ,サエ,サヘ,サエ,*,*,*,*,*,*,*,"名詞%F2@1,動詞%F2@0,形容詞%F2@-1",*
のみ,931,938,2895,助詞,副助詞,*,*,*,*,ノミ,のみ,のみ,ノミ,ノミ,和,のみ,ノミ,ノミ,ノミ,*,*,*,*,*,*,*,"動詞%F2@1,名詞%F2@1",*
はかり,931,938,2686,助詞,副助詞,*,*,*,*,バカリ,ばかり,ばかり,バカリ,バカリ,和,ばかり,バカリ,バカリ,バカリ,*,*,*,*,*,*,*,"動詞%F2@1,形容詞%F2@1,名詞%F2@1",*
なと,957,966,2361,助詞,副助詞,*,*,*,*,ナド,など,など,ナド,ナド,和,など,ナド,ナド,ナド,*,*,*,*,*,*,*,"名詞%F2@1,形容詞%F2@-1,動詞%F2@0",*
まて,961,970,4851,助詞,副助詞,*,*,*,*,マデ,まで,まで,マデ,マデ,和,まで,マデ,マデ,マデ,*,*,*,*,*,*,*,"名詞%F2@1,形容詞%F2@1,動詞%F2@1",*
し,940,949,8217,助詞,副助詞,*,*,*,*,シ,し,し,シ,シ,和,し,シ,シ,シ,*,*,*,*,*,*,*,名詞%F4@0,*
しも,931,938,3863,助詞,副助詞,*,*,*,*,シモ,しも,しも,シモ,シモ,和,しも,シモ,シモ,シモ,*,*,*,*,*,*,*,名詞%F2@1,*
は,914,921,4513,助詞,係助詞,*,*,*,*,ハ,は,は,ワ,ハ,和,は,ワ,ハ,ハ,*,*,*,*,*,*,*,"動詞%F2@0,名詞%F1,形容詞%F2@-1",*
も,917,924,4145,助詞,係助詞,*,*,*,*,モ,も,も,モ,モ,和,も,モ,モ,モ,*,*,*,*,*,*,*,"動詞%F2@-1,形容詞%F4@-2,名詞%F1",*
そ,912,919,4047,助詞,係助詞,*,*,*,*,ゾ,ぞ,ぞ,ゾ,ゾ,和,ぞ,ゾ,ゾ,ゾ,*,*,*,*,*,*,*,名詞%F1,*
なむ,912,919,7172,助詞,係助詞,*,*,*,*,ナム,なむ,なむ,ナン,ナム,和,なむ,ナン,ナム,ナム,*,*,*,*,*,*,*,*,*""
こそ,912,919,7418,助詞,係助詞,*,*,*,*,コソ,こそ,こそ,コソ,コソ,和,こそ,コソ,コソ,コソ,*,*,*,*,*,*,*,"形容詞%F2@0,名詞%F2@1,動詞%F2@0",*
や,920,927,5181,助詞,係助詞,*,*,*,*,ヤ,や,や,ヤ,ヤ,和,や,ヤ,ヤ,ヤ,*,*,*,*,*,*,*,*,*
やは,920,921,8694,助詞,係助詞,*,*,*,*,ヤ,や,や,ヤ,ヤ,和,や,ヤ,ヤ,ヤ,*,*,*,*,*,*,*,*,*
か,913,920,6478,助詞,係助詞,*,*,*,*,カ,か,か,カ,カ,和,か,カ,カ,カ,*,*,*,*,*,*,*,"動詞%F2@0,形容詞%F2@-1,名詞%F1",*
かは,913,921,9991,助詞,係助詞,*,*,*,*,カ,か,か,カ,カ,和,か,カ,カ,カ,*,*,*,*,*,*,*,"動詞%F2@0,形容詞%F2@-1,名詞%F1",*
な,1106,1115,8188,助詞,終助詞,*,*,*,*,ナ,な,な,ナ,ナ,和,な,ナ,ナ,ナ,*,*,*,*,*,*,*,"動詞%F2@0,形容詞%F1",*
そ,1094,1103,6650,助詞,終助詞,*,*,*,*,ソ,そ,そ,ソ,ソ,和,そ,ソ,ソ,ソ,*,*,*,*,*,*,*,*,*
なむ,1094,1103,8027,助詞,終助詞,*,*,*,*,ナム,なむ,なむ,ナン,ナム,和,なむ,ナン,ナム,ナム,*,*,*,*,*,*,*,*,*
はや,1094,1103,6630,助詞,終助詞,*,*,*,*,バヤ,ばや,ばや,バヤ,バヤ,和,ばや,バヤ,バヤ,バヤ,*,*,*,*,*,*,*,*,*
てしか,697,1111,15765,助動詞,*,*,*,文語助動詞-ツ,連用形-一般,ツ,つ,て,テ,テ,和,つ,ツ,ツ,ツ,*,*,*,*,*,*,*,動詞%F4@0,*
てしかな,697,1115,20765,助動詞,*,*,*,文語助動詞-ツ,連用形-一般,ツ,つ,て,テ,テ,和,つ,ツ,ツ,ツ,*,*,*,*,*,*,*,動詞%F4@0,*
にしか,720,1111,14558,助動詞,*,*,*,文語助動詞-ヌ,連用形-一般,ヌ,ぬ,に,ニ,ニ,和,ぬ,ヌ,ヌ,ヌ,*,*,*,*,*,*,*,動詞%F3@0,*
にしかな,720,1115,19558,助動詞,*,*,*,文語助動詞-ヌ,連用形-一般,ヌ,ぬ,に,ニ,ニ,和,ぬ,ヌ,ヌ,ヌ,*,*,*,*,*,*,*,動詞%F3@0,*
もかな,1094,1115,12068,助詞,終助詞,*,*,*,*,モガ,もが,もが,モガ,モガ,和,もが,モガ,モガ,モガ,*,*,*,*,*,*,*,形容詞%F2@-1,*
や,1128,1137,12468,助詞,終助詞,*,*,*,*,ヤ,や,や,ヤ,ヤ,和,や,ヤ,ヤ,ヤ,*,*,*,*,*,*,*,"動詞%F2@0,形容詞%F2@-1,名詞%F1",*
よ,1133,1142,7584,助詞,終助詞,*,*,*,*,ヨ,よ,よ,ヨ,ヨ,和,よ,ヨ,ヨ,ヨ,*,*,*,*,*,*,*,"名詞%F1,動詞%F2@0,形容詞%F2@-1",*
を,1146,1155,7007,助詞,終助詞,*,*,*,*,ヲ,を,を,ヲ,ヲ,和,を,ヲ,ヲ,ヲ,*,*,*,*,*,*,*,*,*
つ,1034,1043,7092,助詞,格助詞,*,*,*,*,ツ,つ,つ,ツ,ツ,和,つ,ツ,ツ,ツ,*,*,*,*,*,*,*,*,*
ゆ,1034,1043,9817,助詞,格助詞,*,*,*,*,ユ,ゆ,ゆ,ユ,ユ,和,ゆ,ユ,ユ,ユ,*,*,*,*,*,*,*,*,*
ゆり,1069,1078,4895,助詞,格助詞,*,*,*,*,ヨリ,より,より,ヨリ,ヨリ,和,より,ヨリ,ヨリ,ヨリ,*,*,*,*,*,*,*,"名詞%F2@1,動詞%F2@1,形容詞%F2@1",*
よ,1069,1078,4895,助詞,格助詞,*,*,*,*,ヨリ,より,より,ヨリ,ヨリ,和,より,ヨリ,ヨリ,ヨリ,*,*,*,*,*,*,*,"名詞%F2@1,動詞%F2@1,形容詞%F2@1",*
に,1114,1123,11705,助詞,終助詞,*,*,*,*,ネ,ね,ね,ネ,ネ,和,ね,ネ,ネ,ネ,*,*,*,*,*,*,*,"動詞%F1,名詞%F1,形容詞%F1",*
ね,1114,1123,11705,助詞,終助詞,*,*,*,*,ネ,ね,ね,ネ,ネ,和,ね,ネ,ネ,ネ,*,*,*,*,*,*,*,"動詞%F1,名詞%F1,形容詞%F1",*
こそ,912,919,7418,助詞,係助詞,*,*,*,*,コソ,こそ,こそ,コソ,コソ,和,こそ,コソ,コソ,コソ,*,*,*,*,*,*,*,"形容詞%F2@0,名詞%F2@1,動詞%F2@0",*